{
    "did_document": {
        "@context": "https://w3id.org/did/v1",
        "id": "did:example:123456789abcdefghi",
        "verificationMethod": [
            {
                "id": "did:example:123456789abcdefghi#keys-1",
                "type": "Ed25519VerificationKey2018",
                "controller": "did:example:123456789abcdefghi",
                "publicKeyBase58": "2jKdmc..."
            }
        ]
    },
    "verifiable_credential": {
        "@context": [
            "https://www.w3.org/2018/credentials/v1"
        ],
        "id": "http://example.edu/credentials/3732",
        "type": [
            "VerifiableCredential",
            "UniversityDegreeCredential"
        ],
        "issuer": "did:example:123456789abcdefghi",
        "credentialSubject": {
            "id": "did:example:abcdef1234567",
            "degree": {
                "type": "BachelorDegree",
                "name": "Bachelor of Science and Arts"
            }
        },
        "issuanceDate": "2025-01-13T21:19:10Z"
    },
    "signature": "MEYCIQDX9UtTN3lG1SIggwzFyD41YxaB-eyPa-RuG0bvLWWN7gIhAPH8JOg6mf0Au5oPSU-QB2-zuJUa7ESzhlLP28P9aw9Y"
}