{
    "@context": [
        "https://www.w3.org/2018/credentials/v1"
    ],
    "id": "http://example.edu/credentials/3732",
    "type": [
        "VerifiableCredential",
        "UniversityDegreeCredential"
    ],
    "issuer": {
        "id": "did:example:123456789abcdefghi",
        "name": "Example University"
    },
    "credentialSubject": {
        "id": "did:example:abcdef1234567",
        "degree": {
            "type": "BachelorDegree",
            "name": "Bachelor of Science and Arts"
        }
    },
    "issuanceDate": "2025-01-13T21:19:10Z",
    "proof": {
        "type": "EcdsaSecp256r1Signature2019",
        "created": "2025-01-13T21:19:10Z",
        "verificationMethod": {
            "id": "did:example:123456789abcdefghi#keys-1",
            "type": "EcdsaSecp256r1",
            "publicKeyPem": "-----BEGIN PUBLIC KEY-----\nMFkwEwYHKoZIzj0CAQYIKoZIzj0DAQcDQgAE0ZQ7DHBEDY+Xn6iZEhzI18LKtcET\nBwUfEUHaCnZ0u4ci865T4KP9sYflU7NWm0gvS6CM68SRbzeh66lqhBPumA==\n-----END PUBLIC KEY-----\n"
        },
        "signature": "MEUCIQDY5OTHa2zEpAuLjC-uwXjBsnKQH4L78H9-fHhMw8PZ9QIgKEvAebxOJbBFzf_7rvyeO6iQhEpOQux3hXLOfxKbZME="
    }
}